Phase,Task,Priority,Estimated_Hours,Tools_Required
Initial Audit,Website crawl analysis,High,8,Screaming Frog
Initial Audit,Core Web Vitals assessment,High,4,PageSpeed Insights
Initial Audit,Competitor analysis,Medium,6,Semrush/Ahrefs
Keyword Research,Primary keyword research,High,6,Google Keyword Planner
Keyword Research,Long-tail keyword identification,Medium,4,Answer The Public
On-Page SEO,Title tag optimization,High,3,Yoast SEO
On-Page SEO,Meta description optimization,High,2,Yoast SEO
On-Page SEO,Header structure review,Medium,2,Manual Review
Technical SEO,XML sitemap creation,High,4,Google Search Console
Technical SEO,Schema markup implementation,Medium,6,Schema Generator
Technical SEO,Mobile responsiveness check,High,2,Google Mobile Test
Content Strategy,Content gap analysis,Medium,8,Content Analysis Tools
Content Strategy,E-A-T content creation,High,12,Manual Research
Link Building,Guest posting outreach,Medium,8,Outreach Tools
Link Building,Internal linking strategy,Medium,4,Manual Review
Analytics & Monitoring,Google Analytics setup,High,3,Google Analytics
Analytics & Monitoring,Search Console configuration,High,2,Google Search Console
Local SEO,Google My Business optimization,High,4,Google My Business
Local SEO,Local citation building,Medium,6,Citation Tools
