Trend,Impact_Level,Implementation_Difficulty,Priority_2025,Adoption_Rate
AI Overviews Integration,Very High,High,1,65
Voice Search Optimization,High,Medium,2,78
Core Web Vitals Focus,Very High,Medium,3,89
E-A-T Enhancement,High,High,4,72
Local SEO Expansion,Medium,Low,5,85
Schema Markup Implementation,Medium,Medium,6,58
Mobile-First Indexing,High,Medium,7,92
Video Content SEO,Medium,Low,8,67
Answer Engine Optimization,High,High,9,45
Brand Authority Building,Medium,High,10,61
Technical SEO Automation,High,Medium,11,74
User Experience Signals,Very High,Medium,12,83
